,name,reactionTime,trajectory,aimAction,noisePoint,goal,noiseNumber,playerGrid,target1,target2,areaType,distanceDiff,minDis,intentionedDisToTargetMin,avoidCommitmentZone
0,miaochenlu,"[2475, 2658, 2818, 2961, 3130, 3282, 3426, 3594, 3874, 4194, 4482]","[(1, 5), [2, 5], [3, 5], [4, 5], [5, 5], [6, 5], [5, 4], [6, 4], [7, 4], [8, 4], [9, 4], [9, 3]]","[(1, 0), (1, 0), (1, 0), (1, 0), (1, 0), (1, 0), (1, 0), (1, 0), (1, 0), (1, 0), (0, -1)]",[6],"[0, 0, 0, 0, 0, 0, 0, 0, 0, 0, 1]",1,"(1, 5)","(9, 3)","(9, 7)",midLine,0.0,10.0,2.0,8.0
1,miaochenlu,"[2177, 2328, 2496, 2656, 2800, 3232, 3392, 3768, 3943, 4256, 4472, 4879, 5224, 5416]","[(4, 3), [5, 3], [6, 3], [7, 3], [7, 5], [8, 5], [6, 5], [7, 5], [8, 5], [9, 5], [10, 5], [11, 5], [12, 5], [12, 4], [12, 3]]","[(1, 0), (1, 0), (1, 0), (1, 0), (1, 0), (1, 0), (1, 0), (1, 0), (1, 0), (1, 0), (1, 0), (1, 0), (0, -1), (0, -1)]","[6, 4]","[0, 0, 0, 0, 0, 2, 0, 0, 2, 2, 2, 2, 2, 2]",2,"(4, 3)","(8, 11)","(12, 3)",straightLine,4.0,8.0,4.0,4.0
2,miaochenlu,"[2080, 2271, 2431, 2599, 2791, 3135]","[(4, 7), [4, 8], [4, 9], [4, 10], [4, 11], [4, 12], [4, 13]]","[(0, 1), (0, 1), (0, 1), (0, 1), (0, 1), (0, 1)]",[],"[1, 1, 1, 1, 1, 1]",0,"(4, 7)","(4, 13)","(6, 1)",none,2.0,6.0,6.0,0.0
3,miaochenlu,"[2669, 2861, 3029, 3205, 3372, 3573, 3869, 4045, 4276, 4485, 4669, 4853, 5109]","[(13, 2), [12, 2], [10, 2], [9, 2], [8, 2], [7, 2], [6, 2], [5, 1], [5, 2], [5, 3], [5, 4], [5, 5], [5, 6], [6, 6]]","[(-1, 0), (-1, 0), (-1, 0), (-1, 0), (-1, 0), (-1, 0), (0, 1), (0, 1), (0, 1), (0, 1), (0, 1), (0, 1), (1, 0)]","[2, 7]","[0, 0, 2, 2, 2, 2, 0, 0, 0, 0, 0, 0, 0]",2,"(13, 2)","(10, 10)","(6, 6)",expRect,0,11.0,4,19
4,miaochenlu,"[2335, 2543, 3079, 3415, 3567, 3750, 3927, 4103, 4295, 4511, 4742, 5015, 5255, 5455, 5615, 5799]","[(11, 12), [13, 12], [12, 12], [11, 12], [10, 12], [9, 12], [8, 12], [7, 12], [6, 12], [5, 12], [4, 12], [3, 12], [2, 12], [2, 11], [2, 10], [2, 9], [2, 8]]","[(-1, 0), (-1, 0), (-1, 0), (-1, 0), (-1, 0), (-1, 0), (-1, 0), (-1, 0), (-1, 0), (-1, 0), (-1, 0), (-1, 0), (0, -1), (0, -1), (0, -1), (0, -1)]",[1],"[0, 0, 0, 0, 0, 0, 0, 0, 1, 1, 1, 1, 0, 0, 0, 0]",1,"(11, 12)","(2, 8)","(6, 4)",expRect,0,13.0,4,29
5,miaochenlu,"[2192, 2406, 2591, 2783, 2975, 3135, 3303, 3503, 3783, 3975]","[(5, 1), [6, 1], [7, 1], [8, 1], [9, 1], [10, 1], [11, 1], [12, 1], [13, 1], [13, 2], [13, 3]]","[(1, 0), (1, 0), (1, 0), (1, 0), (1, 0), (1, 0), (1, 0), (1, 0), (0, 1), (0, 1)]",[],"[0, 0, 2, 2, 2, 2, 2, 2, 0, 0]",0,"(5, 1)","(7, 13)","(13, 3)",rect,4.0,10.0,2.0,8.0
6,miaochenlu,"[2445, 2596, 2764, 2939, 3124, 3324, 3620, 3788]","[(6, 3), [7, 3], [8, 3], [9, 3], [10, 3], [11, 3], [12, 3], [12, 2], [12, 1]]","[(1, 0), (1, 0), (1, 0), (1, 0), (1, 0), (1, 0), (0, -1), (0, -1)]",[],"[2, 2, 2, 2, 2, 2, 2, 2]",0,"(6, 3)","(6, 9)","(12, 1)",none,2.0,6.0,6.0,0.0
7,miaochenlu,"[2088, 2232, 2383, 2550, 2775, 2927, 3614, 3767, 3943]","[(3, 4), [4, 4], [5, 4], [6, 4], [7, 4], [7, 3], [8, 4], [8, 3], [8, 2], [7, 2]]","[(1, 0), (1, 0), (1, 0), (1, 0), (0, -1), (0, -1), (0, -1), (0, -1), (-1, 0)]",[6],"[2, 2, 2, 2, 2, 2, 2, 2, 0]",1,"(3, 4)","(3, 12)","(7, 2)",none,2.0,6.0,6.0,0.0
8,miaochenlu,"[2227, 2403, 2571, 2715, 2859, 3011, 3171, 3339, 3515, 3723, 4227, 4355]","[(3, 1), [4, 1], [5, 1], [6, 1], [7, 1], [6, 2], [7, 2], [8, 2], [9, 2], [10, 2], [9, 3], [10, 3], [11, 3]]","[(1, 0), (1, 0), (1, 0), (1, 0), (1, 0), (1, 0), (1, 0), (1, 0), (1, 0), (1, 0), (1, 0), (1, 0)]","[10, 5]","[0, 0, 2, 2, 2, 2, 2, 2, 2, 2, 2, 2]",2,"(3, 1)","(5, 11)","(11, 3)",rect,2.0,10.0,2.0,8.0
9,miaochenlu,"[2541, 3135, 3194, 3286, 3347, 3467, 3877, 4085, 4741, 4957, 5133, 5381, 5565]","[(2, 3), [2, 4], [2, 5], [2, 6], [2, 7], [2, 8], [2, 9], [2, 10], [1, 9], [2, 9], [3, 9], [4, 9], [4, 10], [4, 11]]","[(0, 1), (0, 1), (0, 1), (0, 1), (0, 1), (0, 1), (0, 1), (0, 1), (1, 0), (1, 0), (1, 0), (0, 1), (0, 1)]",[8],"[0, 0, 1, 1, 1, 1, 1, 1, 0, 0, 0, 1, 1]",1,"(2, 3)","(4, 11)","(12, 5)",rect,2.0,10.0,2.0,8.0
10,miaochenlu,"[2357, 2887, 2946, 3008, 3097, 3158, 3469, 3653, 3893]","[(2, 3), [3, 3], [4, 3], [5, 3], [6, 3], [7, 3], [8, 3], [9, 3], [10, 3], [11, 3]]","[(1, 0), (1, 0), (1, 0), (1, 0), (1, 0), (1, 0), (1, 0), (1, 0), (1, 0)]",[],"[0, 0, 0, 0, 0, 2, 2, 2, 2]",0,"(2, 3)","(7, 7)","(11, 3)",straightLine,0.0,9.0,4.0,5.0
11,miaochenlu,"[1910, 2470, 2560, 2918, 3102, 3518, 3701, 3958, 4150, 4342, 4542, 4806, 5158, 5382, 5590, 5854, 6126, 6350, 6526]","[(12, 13), [11, 13], [10, 13], [9, 13], [8, 13], [7, 13], [9, 13], [8, 13], [7, 13], [6, 13], [7, 12], [6, 12], [5, 12], [4, 12], [3, 12], [2, 12], [1, 12], [1, 11], [1, 10], [1, 9]]","[(-1, 0), (-1, 0), (-1, 0), (-1, 0), (-1, 0), (-1, 0), (-1, 0), (-1, 0), (-1, 0), (-1, 0), (-1, 0), (-1, 0), (-1, 0), (-1, 0), (-1, 0), (-1, 0), (0, -1), (0, -1), (0, -1)]","[6, 10]","[0, 0, 0, 0, 0, 1, 0, 0, 1, 1, 1, 1, 1, 1, 1, 1, 0, 0, 0]",2,"(12, 13)","(1, 9)","(7, 3)",expRect,0,15.0,6,29
12,miaochenlu,"[1851, 2473, 2564, 2899, 3075, 3283, 3475, 3642, 3811, 3987, 4195, 4475]","[(2, 7), [3, 7], [4, 7], [5, 7], [4, 6], [5, 6], [6, 6], [7, 6], [8, 6], [9, 6], [10, 6], [11, 6], [11, 7]]","[(1, 0), (1, 0), (1, 0), (1, 0), (1, 0), (1, 0), (1, 0), (1, 0), (1, 0), (1, 0), (1, 0), (0, 1)]","[13, 4]","[0, 0, 0, 0, 0, 0, 0, 0, 0, 2, 2, 2]",2,"(2, 7)","(9, 1)","(11, 7)",straightLine,4.0,9.0,2.0,7.0
13,miaochenlu,"[1924, 2454, 2574, 2632, 2860, 3036, 3212, 3436, 3683, 3860, 4380, 4556, 4732]","[(1, 13), [2, 13], [3, 13], [4, 13], [5, 13], [6, 13], [7, 13], [8, 13], [9, 13], [9, 12], [9, 14], [9, 13], [9, 12], [9, 11]]","[(1, 0), (1, 0), (1, 0), (1, 0), (1, 0), (1, 0), (1, 0), (1, 0), (0, -1), (0, -1), (0, -1), (0, -1), (0, -1)]",[10],"[0, 0, 2, 2, 2, 2, 2, 2, 0, 0, 0, 0, 0]",1,"(1, 13)","(3, 1)","(9, 11)",rect,4.0,10.0,2.0,8.0
14,miaochenlu,"[2119, 2446, 3031, 3230, 3446, 3631, 3798, 3974, 4134, 4311, 4479, 4663, 4879]","[(11, 3), [10, 3], [10, 4], [10, 5], [10, 6], [9, 6], [8, 6], [7, 6], [6, 6], [5, 6], [4, 6], [3, 6], [2, 6], [1, 6]]","[(-1, 0), (0, 1), (0, 1), (0, 1), (-1, 0), (-1, 0), (-1, 0), (-1, 0), (-1, 0), (-1, 0), (-1, 0), (-1, 0), (-1, 0)]",[],"[0, 0, 0, 0, 0, 0, 0, 2, 2, 2, 2, 2, 2]",0,"(11, 3)","(7, 12)","(1, 6)",expRect,0,13.0,6,19
15,miaochenlu,"[1923, 2227, 2434, 2611, 2786, 3083, 3290, 3490, 3635, 3803, 3970]","[(1, 5), [1, 6], [2, 6], [3, 6], [4, 6], [5, 6], [6, 6], [6, 7], [6, 8], [6, 9], [6, 10], [6, 11]]","[(0, 1), (1, 0), (1, 0), (1, 0), (1, 0), (1, 0), (0, 1), (0, 1), (0, 1), (0, 1), (0, 1)]",[],"[2, 0, 0, 0, 0, 0, 2, 2, 2, 2, 2]",0,"(1, 5)","(6, 1)","(6, 11)",midLine,2.0,9.0,4.0,5.0
16,miaochenlu,"[1904, 2288, 2551, 2784, 2952, 3127, 3303, 3712, 3920, 4352, 4527, 4760]","[(9, 2), [9, 3], [9, 4], [8, 4], [7, 4], [6, 4], [4, 4], [3, 4], [3, 6], [3, 7], [3, 6], [3, 5], [2, 5]]","[(0, 1), (0, 1), (-1, 0), (-1, 0), (-1, 0), (-1, 0), (-1, 0), (-1, 0), (0, 1), (0, -1), (0, -1), (-1, 0)]","[8, 6]","[0, 0, 0, 0, 0, 2, 2, 2, 1, 2, 2, 2]",2,"(9, 2)","(6, 9)","(2, 5)",expRect,0,10.0,4,15
17,miaochenlu,"[2130, 2314, 2562, 2746, 2913, 3081, 3546, 3897, 4090]","[(3, 7), [3, 6], [3, 5], [4, 5], [5, 5], [5, 3], [6, 3], [6, 4], [7, 4], [7, 5]]","[(0, -1), (0, -1), (1, 0), (1, 0), (1, 0), (1, 0), (0, 1), (1, 0), (0, 1)]",[5],"[1, 1, 0, 0, 0, 0, 0, 0, 0]",1,"(3, 7)","(7, 5)","(11, 7)",straightLine,2.0,6.0,2.0,4.0
18,miaochenlu,"[2118, 2310, 2486, 2661, 2998, 3214, 3446, 3613, 3814, 4078, 4254, 4438, 4637]","[(12, 1), [11, 1], [10, 1], [9, 1], [7, 1], [6, 1], [5, 1], [5, 2], [5, 0], [5, 1], [5, 2], [5, 3], [5, 4], [5, 5]]","[(-1, 0), (-1, 0), (-1, 0), (-1, 0), (-1, 0), (-1, 0), (0, 1), (0, 1), (0, 1), (0, 1), (0, 1), (0, 1), (0, 1)]","[8, 4]","[0, 0, 0, 0, 2, 2, 0, 0, 0, 0, 0, 0, 0]",2,"(12, 1)","(7, 7)","(5, 5)",expRect,0,11.0,2,29
19,miaochenlu,"[2853, 3021, 3197, 3381, 3549, 3725, 3885, 4045, 4213, 4677, 4853]","[(3, 3), [4, 3], [2, 3], [3, 3], [4, 3], [5, 3], [6, 3], [7, 3], [8, 3], [9, 3], [9, 2], [9, 1]]","[(1, 0), (1, 0), (1, 0), (1, 0), (1, 0), (1, 0), (1, 0), (1, 0), (1, 0), (0, -1), (0, -1)]",[2],"[2, 2, 0, 2, 2, 2, 2, 2, 2, 2, 2]",1,"(3, 3)","(3, 9)","(9, 1)",none,2.0,6.0,6.0,0.0
20,miaochenlu,"[1967, 2200, 2359, 2535, 2719, 2902, 3061, 3239, 3519, 3687, 3895, 4094]","[(2, 9), [3, 9], [4, 9], [5, 9], [6, 9], [7, 9], [8, 9], [9, 9], [10, 9], [10, 8], [10, 7], [10, 6], [10, 5]]","[(1, 0), (1, 0), (1, 0), (1, 0), (1, 0), (1, 0), (1, 0), (1, 0), (0, -1), (0, -1), (0, -1), (0, -1)]",[],"[0, 0, 0, 0, 1, 1, 1, 1, 0, 0, 0, 0]",0,"(2, 9)","(10, 5)","(6, 1)",expRect,0,12.0,4,24
21,miaochenlu,"[1939, 2099, 2259, 2418, 2586, 2746, 2907, 3082, 3275, 3683, 4035, 4482, 4731]","[(1, 9), [2, 9], [3, 9], [4, 9], [5, 9], [6, 9], [7, 9], [8, 9], [9, 8], [10, 8], [11, 8], [12, 8], [11, 8], [11, 7]]","[(1, 0), (1, 0), (1, 0), (1, 0), (1, 0), (1, 0), (1, 0), (1, 0), (1, 0), (1, 0), (1, 0), (-1, 0), (0, -1)]",[8],"[0, 0, 2, 2, 2, 2, 2, 2, 2, 2, 0, 0, 0]",1,"(1, 9)","(3, 1)","(11, 7)",rect,2.0,10.0,2.0,8.0
22,miaochenlu,"[2261, 2446, 2853, 3014, 3221, 3645, 3870, 4045, 4236]","[(6, 6), [6, 5], [6, 7], [6, 6], [6, 5], [6, 4], [6, 3], [7, 3], [8, 3], [9, 3]]","[(0, -1), (0, -1), (0, -1), (0, -1), (0, -1), (0, -1), (1, 0), (1, 0), (1, 0)]",[2],"[2, 2, 2, 2, 2, 2, 2, 2, 2]",1,"(6, 6)","(6, 12)","(9, 3)",none,0.0,6.0,6.0,0.0
23,miaochenlu,"[1985, 2200, 2376, 2649, 2848, 3233, 3416]","[(4, 5), [5, 5], [6, 6], [7, 6], [8, 6], [9, 6], [9, 5], [9, 4]]","[(1, 0), (1, 0), (1, 0), (1, 0), (1, 0), (0, -1), (0, -1)]",[2],"[2, 2, 2, 2, 2, 2, 2]",1,"(4, 5)","(4, 13)","(9, 4)",none,2.0,6.0,6.0,0.0
24,miaochenlu,"[2175, 2359, 2871, 3079, 3599, 3983, 4167, 4359, 4534, 4719, 4919]","[(1, 4), [1, 5], [2, 4], [2, 5], [2, 6], [3, 6], [3, 7], [3, 8], [3, 9], [3, 10], [3, 11], [3, 12]]","[(0, 1), (0, 1), (0, 1), (0, 1), (1, 0), (0, 1), (0, 1), (0, 1), (0, 1), (0, 1), (0, 1)]",[2],"[0, 0, 0, 0, 0, 1, 1, 1, 1, 1, 1]",1,"(1, 4)","(3, 12)","(11, 6)",rect,2.0,10.0,2.0,8.0
25,miaochenlu,"[2109, 2302, 2614, 2782, 2958, 3125, 3318, 3662, 3854, 4052, 4374, 4566, 4758, 5085, 5302, 5574]","[(2, 1), [2, 2], [2, 3], [3, 3], [4, 3], [5, 3], [4, 2], [5, 2], [6, 2], [5, 1], [6, 1], [7, 1], [8, 1], [9, 1], [9, 2], [9, 3], [10, 3]]","[(0, 1), (0, 1), (1, 0), (1, 0), (1, 0), (1, 0), (1, 0), (1, 0), (1, 0), (1, 0), (1, 0), (1, 0), (1, 0), (0, 1), (0, 1), (1, 0)]","[9, 6]","[0, 0, 0, 0, 2, 2, 2, 2, 2, 2, 2, 2, 2, 0, 0, 2]",2,"(2, 1)","(4, 11)","(10, 3)",rect,2.0,10.0,2.0,8.0
26,miaochenlu,"[1974, 2247, 2503, 2678, 2911, 3095, 3302, 3519, 3750, 4014, 4214, 4407, 4615]","[(13, 11), [12, 11], [11, 11], [10, 11], [9, 11], [8, 11], [7, 11], [6, 11], [5, 11], [4, 11], [4, 10], [4, 9], [4, 8], [4, 7]]","[(-1, 0), (-1, 0), (-1, 0), (-1, 0), (-1, 0), (-1, 0), (-1, 0), (-1, 0), (-1, 0), (0, -1), (0, -1), (0, -1), (0, -1)]",[],"[0, 0, 0, 1, 1, 1, 1, 1, 1, 0, 0, 0, 0]",0,"(13, 11)","(4, 7)","(10, 1)",expRect,0,13.0,6,19
27,miaochenlu,"[2014, 2254, 2470, 2820, 2997, 3558, 3648, 3885, 4053, 4270, 4533]","[(1, 11), [2, 11], [1, 10], [1, 9], [2, 9], [3, 9], [4, 9], [5, 9], [6, 9], [7, 9], [8, 9], [9, 9]]","[(1, 0), (0, -1), (0, -1), (1, 0), (1, 0), (1, 0), (1, 0), (1, 0), (1, 0), (1, 0), (1, 0)]",[2],"[0, 1, 1, 0, 0, 0, 0, 0, 0, 0, 0]",1,"(1, 11)","(9, 9)","(13, 11)",straightLine,2.0,10.0,2.0,8.0
28,miaochenlu,"[2053, 3212, 3381, 3597, 3772, 3933, 4125, 4301, 4453, 4853, 5205, 5365, 5925]","[(1, 2), [1, 3], [1, 4], [1, 5], [1, 6], [1, 7], [1, 8], [1, 9], [1, 10], [1, 11], [1, 12], [2, 12], [3, 11], [3, 12]]","[(0, 1), (0, 1), (0, 1), (0, 1), (0, 1), (0, 1), (0, 1), (0, 1), (0, 1), (0, 1), (1, 0), (1, 0), (0, 1)]",[12],"[0, 0, 1, 1, 1, 1, 1, 1, 1, 1, 0, 0, 1]",1,"(1, 2)","(3, 12)","(13, 4)",rect,2.0,12.0,4.0,8.0
29,miaochenlu,"[1903, 2463, 2523, 2583, 2643, 2703, 3047, 3263, 3695, 3879, 4047, 4286, 4647, 4935]","[(3, 13), [4, 13], [5, 13], [6, 13], [7, 13], [8, 13], [9, 13], [10, 13], [11, 13], [11, 12], [12, 11], [12, 10], [12, 9], [11, 9], [11, 8]]","[(1, 0), (1, 0), (1, 0), (1, 0), (1, 0), (1, 0), (1, 0), (1, 0), (0, -1), (0, -1), (0, -1), (0, -1), (-1, 0), (0, -1)]",[10],"[0, 0, 0, 0, 1, 1, 1, 1, 0, 0, 0, 0, 0, 0]",1,"(3, 13)","(11, 8)","(7, 4)",expRect,0,13.0,4,29
30,miaochenlu,"[2181, 2373, 2532, 2965, 3260, 3556, 3717, 3883, 4164, 4620, 4827]","[(1, 5), [1, 4], [1, 3], [1, 2], [1, 1], [2, 1], [3, 1], [4, 1], [4, 0], [5, 0], [6, 0], [6, 1]]","[(0, -1), (0, -1), (0, -1), (0, -1), (1, 0), (1, 0), (1, 0), (1, 0), (1, 0), (1, 0), (0, 1)]",[8],"[1, 1, 1, 1, 0, 0, 0, 0, 0, 0, 0]",1,"(1, 5)","(6, 1)","(11, 8)",midLine,4.0,9.0,4.0,5.0
31,miaochenlu,"[2041, 2232, 2456, 2640, 2808, 3001]","[(2, 3), [2, 2], [2, 1], [3, 1], [4, 1], [5, 1], [6, 1]]","[(0, -1), (0, -1), (1, 0), (1, 0), (1, 0), (1, 0)]",[],"[2, 2, 2, 2, 2, 2]",0,"(2, 3)","(2, 9)","(6, 1)",none,0.0,6.0,6.0,0.0
32,miaochenlu,"[1965, 2181, 2389, 2589, 2749, 2917, 3085, 3253, 3429, 3573, 3749, 3925, 4358, 4565]","[(4, 1), [4, 2], [4, 3], [2, 3], [3, 3], [4, 3], [5, 3], [6, 3], [7, 3], [8, 3], [9, 3], [10, 4], [11, 4], [12, 4], [12, 3]]","[(0, 1), (0, 1), (1, 0), (1, 0), (1, 0), (1, 0), (1, 0), (1, 0), (1, 0), (1, 0), (1, 0), (1, 0), (1, 0), (0, -1)]","[11, 3]","[0, 0, 0, 0, 0, 0, 0, 2, 2, 2, 2, 2, 2, 2]",2,"(4, 1)","(6, 13)","(12, 3)",rect,4.0,10.0,2.0,8.0
33,miaochenlu,"[2021, 2196, 2372, 2548, 2724, 3124]","[(4, 5), [5, 5], [6, 5], [7, 5], [8, 5], [9, 5], [10, 5]]","[(1, 0), (1, 0), (1, 0), (1, 0), (1, 0), (1, 0)]",[],"[2, 2, 2, 2, 2, 2]",0,"(4, 5)","(4, 13)","(10, 5)",none,2.0,6.0,6.0,0.0
34,miaochenlu,"[1975, 2190, 2367, 2543, 2726, 2886, 3205, 3390, 3582, 3966]","[(1, 9), [2, 9], [3, 9], [4, 9], [5, 9], [6, 8], [7, 8], [8, 8], [9, 7], [10, 7], [11, 7]]","[(1, 0), (1, 0), (1, 0), (1, 0), (1, 0), (1, 0), (1, 0), (1, 0), (1, 0), (1, 0)]","[8, 5]","[0, 0, 2, 2, 2, 2, 2, 2, 2, 2]",2,"(1, 9)","(3, 1)","(11, 7)",rect,2.0,10.0,2.0,8.0
35,miaochenlu,"[2630, 2838, 3046, 3438, 3717, 4133, 4341, 4613, 4837, 5093]","[(11, 9), [10, 9], [9, 9], [8, 9], [7, 9], [6, 9], [5, 9], [5, 8], [5, 6], [5, 5], [5, 4]]","[(-1, 0), (-1, 0), (-1, 0), (-1, 0), (-1, 0), (-1, 0), (0, -1), (0, -1), (0, -1), (0, -1)]",[8],"[0, 0, 0, 0, 1, 1, 0, 0, 0, 0]",1,"(11, 9)","(5, 4)","(7, 2)",expRect,0,11.0,2,29
36,miaochenlu,"[2238, 2445, 2653, 3006, 3212, 3469, 3709, 3918, 4117, 4309, 5116, 5269, 5493]","[(6, 8), [6, 9], [6, 10], [6, 11], [5, 10], [6, 10], [7, 10], [8, 10], [9, 10], [10, 10], [11, 10], [12, 10], [13, 10], [13, 11]]","[(0, 1), (0, 1), (0, 1), (1, 0), (1, 0), (1, 0), (1, 0), (1, 0), (1, 0), (1, 0), (1, 0), (1, 0), (0, 1)]",[4],"[0, 0, 0, 0, 0, 0, 0, 0, 0, 0, 1, 1, 0]",1,"(6, 8)","(13, 11)","(11, 13)",expRect,0,10.0,2,23
37,miaochenlu,"[2109, 2349, 2581, 3200, 3502, 3682, 4317, 4501, 4669, 4837, 5021, 5172, 5357, 5693]","[(1, 2), [1, 3], [1, 4], [2, 4], [3, 4], [4, 4], [5, 4], [6, 4], [7, 4], [8, 4], [9, 4], [10, 4], [11, 4], [12, 4], [13, 4]]","[(0, 1), (0, 1), (1, 0), (1, 0), (1, 0), (1, 0), (1, 0), (1, 0), (1, 0), (1, 0), (1, 0), (1, 0), (1, 0), (1, 0)]",[],"[0, 0, 0, 0, 2, 2, 2, 2, 2, 2, 2, 2, 2, 2]",0,"(1, 2)","(3, 12)","(13, 4)",rect,2.0,12.0,4.0,8.0
38,miaochenlu,"[2020, 2219, 2387, 2595, 2819, 3939]","[(8, 1), [8, 2], [8, 3], [9, 4], [9, 5], [9, 6], [10, 6]]","[(0, 1), (0, 1), (0, 1), (0, 1), (0, 1), (1, 0)]","[7, 3]","[0, 0, 0, 0, 0, 2]",2,"(8, 1)","(8, 8)","(10, 6)",straightLine,0.0,7.0,2.0,5.0
39,miaochenlu,"[2825, 3024, 3216, 3705, 3912]","[(5, 6), [6, 6], [7, 5], [8, 5], [8, 4], [8, 3]]","[(1, 0), (1, 0), (1, 0), (0, -1), (0, -1)]",[2],"[2, 2, 2, 2, 2]",1,"(5, 6)","(5, 12)","(8, 3)",none,0.0,6.0,6.0,0.0
40,miaochenlu,"[9664, 10007, 10320, 10632, 10824, 10975, 11160, 11336]","[(1, 5), [1, 7], [2, 7], [3, 7], [3, 8], [3, 9], [3, 11], [3, 12], [3, 13]]","[(1, 0), (1, 0), (1, 0), (0, 1), (0, 1), (0, 1), (0, 1), (0, 1)]","[1, 6]","[0, 0, 0, 1, 1, 1, 1, 1]",2,"(1, 5)","(3, 13)","(11, 7)",rect,2.0,10.0,2.0,8.0
41,miaochenlu,"[3126, 3654, 4102, 4782, 4950, 5165, 5366, 5542]","[(6, 10), [5, 10], [4, 10], [3, 10], [2, 10], [1, 10], [1, 9], [1, 8], [1, 7]]","[(-1, 0), (-1, 0), (-1, 0), (-1, 0), (-1, 0), (0, -1), (0, -1), (0, -1)]",[],"[0, 0, 0, 1, 1, 0, 0, 0]",0,"(6, 10)","(1, 7)","(3, 5)",expRect,0,8.0,2,15
42,miaochenlu,"[1971, 2531, 2621, 2681, 2804, 3194, 3370, 3514, 3690, 3874, 4033, 4210, 4418, 4594, 4762, 4946, 5610, 5786]","[(1, 8), [2, 8], [3, 8], [4, 8], [4, 10], [5, 10], [6, 10], [7, 10], [8, 10], [9, 10], [10, 10], [8, 10], [9, 10], [10, 10], [11, 10], [12, 10], [13, 10], [13, 9], [13, 8]]","[(1, 0), (1, 0), (1, 0), (1, 0), (1, 0), (1, 0), (1, 0), (1, 0), (1, 0), (1, 0), (1, 0), (1, 0), (1, 0), (1, 0), (1, 0), (1, 0), (0, -1), (0, -1)]","[11, 4]","[0, 0, 0, 0, 0, 0, 0, 0, 0, 2, 2, 0, 2, 2, 2, 2, 0, 0]",2,"(1, 8)","(9, 4)","(13, 8)",straightLine,0.0,12.0,4.0,8.0
43,miaochenlu,"[1884, 2416, 2839, 2899, 3076, 3276, 3460, 3628, 3803, 3980, 4292]","[(3, 13), [4, 13], [5, 13], [6, 13], [7, 13], [8, 12], [9, 12], [10, 12], [11, 12], [12, 12], [13, 12], [13, 11]]","[(1, 0), (1, 0), (1, 0), (1, 0), (1, 0), (1, 0), (1, 0), (1, 0), (1, 0), (1, 0), (0, -1)]",[5],"[0, 0, 2, 2, 2, 2, 2, 2, 2, 2, 0]",1,"(3, 13)","(5, 5)","(13, 11)",rect,2.0,10.0,2.0,8.0
44,miaochenlu,"[1997, 2174, 2463, 2614, 2742, 2965, 3134, 3302, 3478, 3654, 4110, 4358, 4550, 4742]","[(2, 1), [2, 2], [2, 3], [3, 3], [4, 3], [5, 3], [6, 3], [7, 3], [8, 3], [9, 3], [10, 3], [11, 3], [11, 4], [11, 5], [11, 6]]","[(0, 1), (0, 1), (1, 0), (1, 0), (1, 0), (1, 0), (1, 0), (1, 0), (1, 0), (1, 0), (1, 0), (0, 1), (0, 1), (0, 1)]",[],"[0, 0, 0, 0, 0, 1, 1, 1, 1, 1, 1, 0, 0, 0]",0,"(2, 1)","(11, 6)","(5, 12)",expRect,0,14.0,6,23
45,miaochenlu,"[2054, 2230, 2761, 2855, 2945, 3005, 3065, 3125, 3186, 3247, 3307, 3677, 3854, 4038, 4294]","[(1, 11), [2, 11], [3, 11], [4, 11], [5, 11], [6, 11], [7, 11], [8, 11], [9, 11], [10, 11], [11, 11], [9, 11], [10, 11], [11, 11], [12, 11], [13, 11]]","[(1, 0), (1, 0), (1, 0), (1, 0), (1, 0), (1, 0), (1, 0), (1, 0), (1, 0), (1, 0), (1, 0), (1, 0), (1, 0), (1, 0), (1, 0)]",[11],"[0, 0, 0, 0, 0, 0, 0, 0, 0, 0, 2, 0, 0, 2, 2]",1,"(1, 11)","(11, 7)","(13, 11)",straightLine,2.0,12.0,2.0,10.0
46,miaochenlu,"[1940, 2474, 2535, 2595, 2716, 3013, 3189, 3469, 3669]","[(3, 3), [4, 3], [5, 3], [6, 3], [7, 3], [8, 3], [9, 3], [10, 3], [10, 2], [10, 1]]","[(1, 0), (1, 0), (1, 0), (1, 0), (1, 0), (1, 0), (1, 0), (0, -1), (0, -1)]",[],"[0, 0, 0, 0, 0, 2, 2, 2, 2]",0,"(3, 3)","(8, 11)","(10, 1)",midLine,4.0,9.0,4.0,5.0
47,miaochenlu,"[2212, 2744, 2835, 2928, 3492, 3667, 3852, 4028, 4476]","[(1, 4), [2, 4], [3, 4], [5, 4], [6, 4], [6, 5], [6, 6], [7, 7], [7, 8], [6, 8]]","[(1, 0), (1, 0), (1, 0), (1, 0), (0, 1), (0, 1), (0, 1), (0, 1), (-1, 0)]","[3, 7]","[0, 0, 0, 0, 1, 1, 1, 1, 1]",2,"(1, 4)","(6, 8)","(10, 4)",straightLine,0.0,9.0,4.0,5.0
48,miaochenlu,"[2119, 2303, 2583, 3116, 3270, 3331, 3392, 3451, 3542, 3631, 3843, 3904, 3995, 4056, 4117, 4607, 4855]","[(1, 2), [1, 3], [1, 4], [2, 4], [3, 4], [4, 4], [3, 5], [4, 5], [5, 5], [6, 5], [7, 5], [8, 5], [9, 5], [10, 5], [11, 5], [12, 5], [13, 5], [13, 4]]","[(0, 1), (0, 1), (1, 0), (1, 0), (1, 0), (1, 0), (1, 0), (1, 0), (1, 0), (1, 0), (1, 0), (1, 0), (1, 0), (1, 0), (1, 0), (1, 0), (0, -1)]",[6],"[0, 0, 0, 0, 2, 2, 2, 2, 2, 2, 2, 2, 2, 2, 2, 2, 2]",1,"(1, 2)","(3, 10)","(13, 4)",rect,4.0,10.0,2.0,8.0
49,miaochenlu,"[2133, 2308, 2477, 2661, 2821, 2989, 3149, 3324, 3525]","[(3, 12), [4, 12], [5, 12], [6, 12], [6, 10], [7, 10], [8, 10], [9, 10], [10, 10], [11, 10]]","[(1, 0), (1, 0), (1, 0), (1, 0), (1, 0), (1, 0), (1, 0), (1, 0), (1, 0)]",[4],"[0, 0, 2, 2, 2, 2, 2, 2, 2]",1,"(3, 12)","(5, 2)","(11, 10)",rect,2.0,10.0,2.0,8.0
50,miaochenlu,"[2144, 2336, 2504, 2680, 2872, 3223, 3376, 3712, 3888, 4040, 4199, 4384, 4568, 4752]","[(2, 2), [2, 3], [2, 4], [2, 5], [3, 6], [3, 7], [4, 7], [5, 7], [6, 7], [7, 7], [8, 7], [9, 7], [10, 7], [11, 7], [12, 7]]","[(0, 1), (0, 1), (0, 1), (0, 1), (0, 1), (1, 0), (1, 0), (1, 0), (1, 0), (1, 0), (1, 0), (1, 0), (1, 0), (1, 0)]",[4],"[0, 0, 0, 0, 0, 0, 0, 0, 1, 1, 1, 1, 1, 1]",1,"(2, 2)","(12, 7)","(6, 13)",expRect,0,15.0,6,29
51,miaochenlu,"[2073, 2233, 2409, 2697, 2873]","[(1, 7), [3, 7], [4, 7], [5, 7], [5, 6], [5, 5]]","[(1, 0), (1, 0), (1, 0), (0, -1), (0, -1)]",[1],"[2, 2, 2, 2, 2]",1,"(1, 7)","(1, 13)","(5, 5)",none,0.0,6.0,6.0,0.0
52,miaochenlu,"[2295, 2471, 3001, 3061, 3122, 3511, 3839, 4111, 4303, 4598]","[(1, 1), [2, 2], [2, 3], [2, 4], [2, 5], [2, 6], [2, 7], [1, 6], [1, 7], [1, 8], [1, 9]]","[(0, 1), (0, 1), (0, 1), (0, 1), (0, 1), (0, 1), (-1, 0), (0, 1), (0, 1), (0, 1)]","[1, 7]","[0, 0, 0, 0, 0, 0, 1, 0, 1, 1]",2,"(1, 1)","(1, 9)","(7, 7)",straightLine,4.0,8.0,2.0,6.0
53,miaochenlu,"[1622, 1846, 2006, 2174, 2358, 2566]","[(6, 7), [7, 7], [8, 7], [9, 7], [10, 7], [11, 7], [12, 7]]","[(1, 0), (1, 0), (1, 0), (1, 0), (1, 0), (1, 0)]",[],"[2, 2, 2, 2, 2, 2]",0,"(6, 7)","(6, 13)","(12, 7)",none,0.0,6.0,6.0,0.0
54,miaochenlu,"[1771, 1963, 2155, 2314, 2491, 2651, 2803, 2987]","[(3, 6), [4, 6], [5, 6], [6, 6], [7, 6], [8, 6], [9, 6], [10, 6], [11, 6]]","[(1, 0), (1, 0), (1, 0), (1, 0), (1, 0), (1, 0), (1, 0), (1, 0)]",[],"[2, 2, 2, 2, 2, 2, 2, 2]",0,"(3, 6)","(3, 12)","(11, 6)",none,2.0,6.0,6.0,0.0
55,miaochenlu,"[1851, 2036, 2220, 2388, 2572, 2756, 2964, 3180, 3364, 3540, 3851, 4052, 4220, 4460]","[(3, 5), [4, 5], [5, 5], [6, 5], [7, 5], [6, 6], [7, 6], [8, 6], [9, 6], [10, 6], [11, 6], [11, 7], [11, 8], [11, 9], [11, 10]]","[(1, 0), (1, 0), (1, 0), (1, 0), (1, 0), (1, 0), (1, 0), (1, 0), (1, 0), (1, 0), (0, 1), (0, 1), (0, 1), (0, 1)]",[5],"[0, 0, 0, 0, 0, 0, 0, 0, 0, 2, 2, 2, 2, 2]",1,"(3, 5)","(10, 1)","(11, 10)",midLine,2.0,11.0,4.0,7.0
56,miaochenlu,"[1918, 2449, 2541, 2631, 2720, 2811, 2871, 2963, 3326, 3494, 3742]","[(1, 13), [2, 13], [3, 13], [4, 13], [5, 13], [6, 13], [7, 13], [8, 13], [9, 13], [10, 13], [11, 13], [11, 11]]","[(1, 0), (1, 0), (1, 0), (1, 0), (1, 0), (1, 0), (1, 0), (1, 0), (1, 0), (1, 0), (0, -1)]","[11, 12]","[0, 0, 2, 2, 2, 2, 2, 2, 2, 2, 0]",2,"(1, 13)","(3, 1)","(11, 11)",rect,2.0,12.0,4.0,8.0
57,miaochenlu,"[2204, 2380, 2587, 2844, 3124, 3292, 3492, 3668, 3844, 4020, 4196, 4380, 4692]","[(2, 6), [2, 7], [2, 8], [2, 9], [2, 10], [1, 9], [2, 9], [3, 9], [4, 9], [5, 9], [6, 9], [7, 9], [8, 9], [8, 10]]","[(0, 1), (0, 1), (0, 1), (0, 1), (1, 0), (1, 0), (1, 0), (1, 0), (1, 0), (1, 0), (1, 0), (1, 0), (0, 1)]",[5],"[1, 1, 1, 1, 0, 0, 0, 0, 0, 0, 0, 0, 1]",1,"(2, 6)","(8, 10)","(9, 1)",midLine,2.0,10.0,4.0,6.0
58,miaochenlu,"[2028, 2220, 2444, 3034, 3125, 3185, 3274, 3335, 3612, 3804, 3996, 4180, 4395, 4572, 5140, 5355, 5524]","[(1, 4), [1, 5], [1, 6], [2, 6], [3, 6], [4, 6], [5, 6], [6, 6], [7, 6], [8, 6], [8, 4], [9, 4], [10, 4], [11, 4], [12, 4], [13, 4], [13, 5], [13, 6]]","[(0, 1), (0, 1), (1, 0), (1, 0), (1, 0), (1, 0), (1, 0), (1, 0), (1, 0), (1, 0), (1, 0), (1, 0), (1, 0), (1, 0), (1, 0), (0, 1), (0, 1)]",[10],"[0, 0, 0, 0, 2, 2, 2, 2, 2, 2, 2, 2, 2, 2, 2, 0, 0]",1,"(1, 4)","(3, 12)","(13, 6)",rect,4.0,10.0,2.0,8.0
59,miaochenlu,"[2182, 2712, 2801, 2893, 2953, 3142, 3358, 3526, 3710, 4182, 4406, 4574, 5158, 5406, 5574]","[(1, 4), [2, 4], [3, 4], [4, 4], [5, 4], [6, 4], [7, 4], [8, 4], [9, 4], [10, 4], [11, 4], [11, 3], [9, 3], [9, 2], [10, 2], [11, 2]]","[(1, 0), (1, 0), (1, 0), (1, 0), (1, 0), (1, 0), (1, 0), (1, 0), (1, 0), (1, 0), (0, -1), (0, -1), (0, -1), (1, 0), (1, 0)]",[12],"[0, 0, 0, 0, 0, 0, 0, 0, 0, 0, 1, 1, 1, 0, 0]",1,"(1, 4)","(11, 2)","(13, 6)",midLine,2.0,12.0,2.0,10.0
60,miaochenlu,"[2326, 2550, 2734, 3189, 3366, 3534, 3742, 3982, 4181, 4502]","[(5, 4), [6, 4], [7, 4], [8, 5], [8, 4], [8, 3], [8, 5], [8, 4], [8, 3], [8, 2], [8, 1]]","[(1, 0), (1, 0), (1, 0), (0, -1), (0, -1), (0, -1), (0, -1), (0, -1), (0, -1), (0, -1)]","[3, 6]","[2, 2, 2, 2, 2, 2, 2, 2, 2, 2]",2,"(5, 4)","(5, 12)","(8, 1)",none,2.0,6.0,6.0,0.0
61,miaochenlu,"[2082, 2673, 2734, 2794, 2917, 2978, 3097, 3190, 3278, 3627, 3819, 4075, 4339, 4539]","[(1, 11), [2, 11], [3, 11], [4, 11], [5, 11], [6, 11], [7, 11], [8, 11], [9, 11], [10, 11], [11, 11], [12, 11], [13, 11], [13, 10], [13, 9]]","[(1, 0), (1, 0), (1, 0), (1, 0), (1, 0), (1, 0), (1, 0), (1, 0), (1, 0), (1, 0), (1, 0), (1, 0), (0, -1), (0, -1)]",[],"[0, 0, 2, 2, 2, 2, 2, 2, 2, 2, 2, 2, 0, 0]",0,"(1, 11)","(3, 1)","(13, 9)",rect,2.0,12.0,4.0,8.0
62,miaochenlu,"[1903, 2118, 2303, 2495, 2687, 3399, 3607, 3815, 4086, 4447, 4647]","[(1, 13), [2, 13], [3, 13], [4, 13], [4, 11], [5, 11], [6, 11], [7, 11], [8, 11], [9, 11], [9, 10], [9, 9]]","[(1, 0), (1, 0), (1, 0), (1, 0), (1, 0), (1, 0), (1, 0), (1, 0), (1, 0), (0, -1), (0, -1)]",[4],"[0, 0, 0, 0, 0, 0, 0, 0, 0, 1, 1]",1,"(1, 13)","(9, 9)","(11, 13)",straightLine,2.0,10.0,2.0,8.0
63,miaochenlu,"[1912, 2443, 2565, 2626, 2716, 2776, 2865, 2955, 3361, 3561, 3761, 4088, 4385]","[(2, 4), [3, 4], [4, 4], [5, 4], [4, 5], [5, 5], [6, 5], [7, 5], [8, 5], [9, 5], [10, 5], [11, 5], [12, 5], [12, 6]]","[(1, 0), (1, 0), (1, 0), (1, 0), (1, 0), (1, 0), (1, 0), (1, 0), (1, 0), (1, 0), (1, 0), (1, 0), (0, 1)]",[4],"[0, 0, 0, 0, 0, 0, 0, 0, 0, 0, 0, 0, 1]",1,"(2, 4)","(12, 6)","(13, 3)",midLine,0.0,12.0,2.0,10.0
64,miaochenlu,"[1847, 2046, 2215, 2399, 2583, 2790, 3102, 3447, 3775, 4038]","[(4, 13), [5, 13], [7, 13], [8, 13], [9, 13], [10, 13], [11, 13], [12, 13], [12, 12], [12, 11], [12, 10]]","[(1, 0), (1, 0), (1, 0), (1, 0), (1, 0), (1, 0), (1, 0), (0, -1), (0, -1), (0, -1)]",[2],"[0, 0, 0, 1, 1, 1, 1, 0, 0, 0]",1,"(4, 13)","(12, 10)","(8, 6)",expRect,0,11.0,4,19
65,miaochenlu,"[1862, 2102, 2350, 2686, 2918, 4038, 4294, 4549, 4750]","[(5, 7), [6, 7], [7, 7], [8, 7], [6, 7], [6, 6], [6, 5], [6, 4], [7, 4], [8, 4]]","[(1, 0), (1, 0), (1, 0), (0, -1), (0, -1), (0, -1), (0, -1), (1, 0), (1, 0)]",[4],"[2, 2, 2, 2, 2, 2, 2, 2, 2]",1,"(5, 7)","(5, 13)","(8, 4)",none,0.0,6.0,6.0,0.0
66,miaochenlu,"[1877, 2077, 2253, 2429, 2597, 2741, 2901, 3077, 3203, 3404, 3645, 4373, 4549, 4741, 5069, 5284, 5541]","[(1, 9), [2, 9], [3, 9], [4, 9], [5, 9], [6, 9], [7, 9], [8, 9], [9, 9], [10, 9], [10, 11], [11, 11], [11, 10], [11, 9], [11, 8], [12, 8], [13, 8], [13, 7]]","[(1, 0), (1, 0), (1, 0), (1, 0), (1, 0), (1, 0), (1, 0), (1, 0), (1, 0), (1, 0), (1, 0), (0, -1), (0, -1), (0, -1), (1, 0), (1, 0), (0, -1)]",[10],"[0, 0, 2, 2, 2, 2, 2, 2, 2, 2, 2, 0, 0, 0, 2, 2, 0]",1,"(1, 9)","(3, 1)","(13, 7)",rect,4.0,10.0,2.0,8.0
67,miaochenlu,"[1869, 2043, 2204, 2389, 2541, 2716, 2901, 3083, 3269, 3709, 3909, 4076, 4253, 4444, 4668]","[(3, 8), [4, 8], [5, 8], [6, 8], [7, 8], [8, 8], [9, 8], [10, 8], [11, 8], [12, 8], [12, 7], [12, 6], [12, 5], [12, 4], [12, 3], [12, 2]]","[(1, 0), (1, 0), (1, 0), (1, 0), (1, 0), (1, 0), (1, 0), (1, 0), (1, 0), (0, -1), (0, -1), (0, -1), (0, -1), (0, -1), (0, -1)]",[],"[0, 0, 0, 0, 0, 0, 0, 0, 0, 1, 1, 1, 1, 1, 1]",0,"(3, 8)","(12, 2)","(13, 13)",midLine,0.0,15.0,6.0,9.0
68,miaochenlu,"[1794, 2202, 2370, 2538, 2706, 2873, 3026, 3194, 3338, 3538, 3706, 3896, 4089, 4401, 4601, 5034]","[(1, 13), [1, 14], [2, 14], [3, 14], [4, 14], [5, 14], [6, 14], [7, 14], [6, 13], [7, 13], [8, 13], [9, 13], [10, 13], [11, 13], [12, 12], [12, 11], [11, 11]]","[(0, 1), (1, 0), (1, 0), (1, 0), (1, 0), (1, 0), (1, 0), (1, 0), (1, 0), (1, 0), (1, 0), (1, 0), (1, 0), (0, -1), (0, -1), (-1, 0)]","[8, 14]","[0, 0, 0, 2, 2, 2, 2, 2, 2, 2, 2, 2, 2, 0, 0, 0]",2,"(1, 13)","(3, 1)","(11, 11)",rect,2.0,12.0,4.0,8.0
69,miaochenlu,"[2036, 2235, 2403, 2587, 2789, 3306, 3507, 3676, 3852, 4044, 4228, 4412, 4604, 4804, 5092]","[(2, 6), [2, 7], [2, 8], [1, 9], [1, 10], [1, 11], [2, 11], [3, 11], [4, 11], [5, 11], [6, 11], [7, 11], [8, 11], [9, 11], [10, 11], [10, 12]]","[(0, 1), (0, 1), (0, 1), (0, 1), (0, 1), (1, 0), (1, 0), (1, 0), (1, 0), (1, 0), (1, 0), (1, 0), (1, 0), (1, 0), (0, 1)]",[3],"[1, 1, 1, 1, 1, 0, 0, 0, 0, 0, 0, 0, 0, 0, 1]",1,"(2, 6)","(10, 12)","(13, 1)",midLine,2.0,14.0,6.0,8.0
70,miaochenlu,"[2127, 2334, 2503, 2951, 3071, 3271, 3647, 3863, 4118, 4359, 4702, 4951, 5230]","[(10, 12), [9, 12], [8, 12], [7, 12], [6, 13], [5, 13], [4, 13], [3, 13], [2, 13], [1, 13], [1, 12], [1, 11], [1, 10], [1, 9]]","[(-1, 0), (-1, 0), (-1, 0), (-1, 0), (-1, 0), (-1, 0), (-1, 0), (-1, 0), (-1, 0), (0, -1), (0, -1), (0, -1), (0, -1)]",[4],"[0, 0, 0, 1, 1, 1, 1, 1, 1, 0, 0, 0, 0]",1,"(10, 12)","(1, 9)","(7, 3)",expRect,0,12.0,6,15
71,miaochenlu,"[2153, 2361, 2528, 2721, 2904, 3137, 3393, 3713, 3904]","[(1, 7), [1, 8], [1, 9], [1, 10], [3, 10], [3, 11], [3, 12], [3, 13], [2, 13], [1, 13]]","[(0, 1), (0, 1), (0, 1), (0, 1), (0, 1), (0, 1), (0, 1), (-1, 0), (-1, 0)]",[4],"[1, 1, 1, 1, 1, 1, 1, 1, 1]",1,"(1, 7)","(1, 13)","(5, 3)",none,2.0,6.0,6.0,0.0
72,miaochenlu,"[1934, 2142, 2302, 2477, 2661, 3078, 3374, 3654, 3830, 3990, 4142, 4390]","[(1, 5), [1, 6], [1, 7], [1, 8], [1, 9], [0, 9], [0, 10], [0, 11], [1, 11], [2, 11], [3, 11], [4, 11], [5, 11]]","[(0, 1), (0, 1), (0, 1), (0, 1), (0, 1), (0, 1), (0, 1), (1, 0), (1, 0), (1, 0), (1, 0), (1, 0)]",[5],"[1, 1, 1, 1, 1, 1, 1, 0, 0, 0, 0, 0]",1,"(1, 5)","(5, 11)","(11, 5)",straightLine,0.0,10.0,6.0,4.0
73,miaochenlu,"[2142, 2334, 2534, 2982, 3214, 3422, 3669, 4054, 4262, 4470, 4709]","[(13, 9), [12, 9], [11, 9], [12, 8], [11, 8], [10, 8], [9, 8], [8, 8], [7, 8], [7, 7], [7, 6], [7, 5]]","[(-1, 0), (-1, 0), (-1, 0), (-1, 0), (-1, 0), (-1, 0), (-1, 0), (-1, 0), (0, -1), (0, -1), (0, -1)]",[3],"[0, 0, 0, 0, 0, 0, 1, 1, 0, 0, 0]",1,"(13, 9)","(7, 5)","(9, 3)",expRect,0,10.0,2,24
74,miaochenlu,"[2290, 2465, 2626, 2818, 3026, 3250, 3490, 3809, 4010]","[(7, 4), [8, 4], [9, 4], [10, 4], [11, 4], [11, 6], [12, 6], [13, 6], [13, 5], [13, 4]]","[(1, 0), (1, 0), (1, 0), (1, 0), (1, 0), (1, 0), (1, 0), (0, -1), (0, -1)]",[5],"[2, 2, 2, 2, 2, 2, 2, 2, 2]",1,"(7, 4)","(7, 12)","(13, 4)",none,2.0,6.0,6.0,0.0
75,miaochenlu,"[1854, 2503, 2670, 2837, 3007, 3166, 3334, 3494, 3670, 4118, 4294, 4630, 4797]","[(2, 12), [1, 13], [2, 13], [3, 13], [4, 13], [5, 13], [6, 13], [7, 13], [8, 13], [9, 14], [10, 14], [11, 14], [11, 13], [11, 12]]","[(1, 0), (1, 0), (1, 0), (1, 0), (1, 0), (1, 0), (1, 0), (1, 0), (1, 0), (1, 0), (1, 0), (0, -1), (0, -1)]","[1, 9]","[0, 0, 0, 0, 0, 0, 0, 0, 0, 2, 2, 0, 0]",2,"(2, 12)","(9, 10)","(11, 12)",straightLine,0.0,9.0,2.0,7.0
76,miaochenlu,"[1998, 2527, 2587, 2647, 2708, 2767, 3149, 3390, 3588, 3805, 4094, 4349, 4533, 4717, 4917]","[(13, 12), [12, 12], [11, 12], [10, 12], [9, 12], [8, 12], [7, 12], [6, 12], [5, 12], [4, 12], [3, 12], [2, 12], [2, 10], [2, 9], [2, 8], [2, 7]]","[(-1, 0), (-1, 0), (-1, 0), (-1, 0), (-1, 0), (-1, 0), (-1, 0), (-1, 0), (-1, 0), (-1, 0), (-1, 0), (0, -1), (0, -1), (0, -1), (0, -1)]",[12],"[0, 0, 0, 0, 0, 1, 1, 1, 1, 1, 1, 0, 0, 0, 0]",1,"(13, 12)","(2, 7)","(8, 1)",expRect,0,16.0,6,35
77,miaochenlu,"[1910, 2092, 2278, 2462, 2661, 2902, 3093, 3262, 3438, 3629]","[(10, 10), [9, 10], [8, 10], [7, 10], [6, 10], [5, 10], [5, 9], [5, 8], [5, 7], [5, 6], [5, 5]]","[(-1, 0), (-1, 0), (-1, 0), (-1, 0), (-1, 0), (0, -1), (0, -1), (0, -1), (0, -1), (0, -1)]",[],"[0, 0, 0, 1, 1, 0, 0, 0, 0, 0]",0,"(10, 10)","(5, 5)","(7, 3)",expRect,0,10.0,2,23
78,miaochenlu,"[1959, 2143, 2320, 2535, 3143, 3328, 3527, 4199, 4383, 4559, 4776, 5014]","[(4, 13), [5, 13], [6, 13], [7, 13], [8, 13], [9, 13], [10, 13], [11, 13], [11, 12], [11, 11], [11, 10], [11, 9], [11, 8]]","[(1, 0), (1, 0), (1, 0), (1, 0), (1, 0), (1, 0), (1, 0), (0, -1), (0, -1), (0, -1), (0, -1), (0, -1)]",[],"[0, 0, 0, 1, 1, 1, 1, 0, 0, 0, 0, 0]",0,"(4, 13)","(11, 8)","(7, 4)",expRect,0,12.0,4,23
79,miaochenlu,"[2791, 3054, 3686, 3910, 5023, 5613, 5673, 5733, 5853, 6190, 6366, 6519, 6727, 7006, 7182, 7358, 7566]","[(1, 6), [1, 7], [1, 8], [1, 9], [0, 8], [1, 8], [2, 8], [3, 8], [4, 8], [5, 8], [6, 8], [7, 8], [8, 8], [9, 8], [9, 9], [9, 10], [9, 11], [9, 12]]","[(0, 1), (0, 1), (0, 1), (0, 1), (1, 0), (1, 0), (1, 0), (1, 0), (1, 0), (1, 0), (1, 0), (1, 0), (1, 0), (0, 1), (0, 1), (0, 1), (0, 1)]",[4],"[1, 1, 1, 1, 0, 0, 0, 0, 0, 0, 0, 0, 0, 1, 1, 1, 1]",1,"(1, 6)","(9, 12)","(13, 6)",straightLine,2.0,12.0,4.0,8.0
80,miaochenlu,"[1990, 2550, 2610, 2699, 2850, 2909, 2969, 3029, 3121, 3525, 3709]","[(1, 7), [2, 7], [3, 7], [4, 7], [5, 7], [6, 7], [7, 7], [9, 7], [10, 7], [11, 7], [12, 7], [13, 7]]","[(1, 0), (1, 0), (1, 0), (1, 0), (1, 0), (1, 0), (1, 0), (1, 0), (1, 0), (1, 0), (1, 0)]","[7, 14]","[0, 0, 0, 0, 0, 0, 0, 0, 0, 2, 2]",2,"(1, 7)","(11, 13)","(13, 7)",straightLine,4.0,12.0,2.0,10.0
81,miaochenlu,"[1937, 2119, 2304, 2481, 3087, 3289, 3584, 3768]","[(2, 6), [2, 8], [3, 8], [4, 8], [4, 10], [4, 11], [4, 12], [3, 12], [2, 12]]","[(1, 0), (1, 0), (1, 0), (1, 0), (0, 1), (0, 1), (-1, 0), (-1, 0)]","[4, 1]","[2, 2, 2, 2, 1, 1, 1, 1]",2,"(2, 6)","(2, 12)","(8, 4)",none,2.0,6.0,6.0,0.0
82,miaochenlu,"[2007, 2214, 2390, 2558, 2726, 2919]","[(4, 4), [4, 5], [4, 6], [4, 7], [4, 8], [4, 9], [4, 10]]","[(0, 1), (0, 1), (0, 1), (0, 1), (0, 1), (0, 1)]",[],"[0, 0, 0, 0, 1, 1]",0,"(4, 4)","(4, 10)","(8, 8)",straightLine,2.0,6.0,2.0,4.0
83,miaochenlu,"[1965, 2300, 2637, 3167, 3226, 3287, 3345, 3406, 3499, 4197, 4371, 4532, 4716, 4892, 5124, 5292, 5460]","[(3, 2), [3, 3], [3, 4], [4, 4], [5, 4], [4, 5], [5, 5], [6, 5], [7, 5], [8, 5], [8, 6], [8, 7], [8, 8], [8, 9], [8, 10], [7, 10], [6, 10], [5, 10]]","[(0, 1), (0, 1), (1, 0), (1, 0), (1, 0), (1, 0), (1, 0), (1, 0), (1, 0), (0, 1), (0, 1), (0, 1), (0, 1), (0, 1), (-1, 0), (-1, 0), (-1, 0)]",[5],"[0, 0, 0, 0, 2, 0, 2, 2, 2, 1, 1, 1, 1, 1, 1, 1, 1]",1,"(3, 2)","(5, 10)","(13, 4)",rect,2.0,10.0,2.0,8.0
84,miaochenlu,"[2470, 3090, 3149, 3845, 4150, 4381, 4581, 4821, 5013, 5197, 5428, 5605, 5813, 6021, 6229]","[(13, 5), [12, 5], [11, 5], [12, 4], [11, 4], [11, 5], [11, 6], [11, 7], [10, 7], [9, 7], [8, 7], [7, 7], [6, 7], [5, 7], [4, 7], [4, 8]]","[(-1, 0), (-1, 0), (-1, 0), (-1, 0), (0, 1), (0, 1), (0, 1), (-1, 0), (-1, 0), (-1, 0), (-1, 0), (-1, 0), (-1, 0), (-1, 0), (0, 1)]",[3],"[0, 0, 0, 0, 0, 0, 0, 0, 0, 0, 2, 2, 2, 2, 0]",1,"(13, 5)","(8, 12)","(4, 8)",expRect,0,12.0,4,23
85,miaochenlu,"[1839, 2014, 2206, 2382, 2566, 2758, 3543, 3742, 3950, 4191, 4366, 4566, 4911, 5207, 5454, 5734, 5998, 6223]","[(13, 10), [12, 10], [11, 10], [10, 10], [9, 10], [8, 10], [10, 10], [10, 9], [10, 8], [10, 7], [9, 7], [9, 9], [8, 9], [7, 9], [7, 8], [7, 7], [6, 7], [6, 6], [6, 5]]","[(-1, 0), (-1, 0), (-1, 0), (-1, 0), (-1, 0), (-1, 0), (0, -1), (0, -1), (0, -1), (-1, 0), (-1, 0), (-1, 0), (-1, 0), (0, -1), (0, -1), (-1, 0), (0, -1), (0, -1)]","[11, 6]","[0, 0, 0, 0, 0, 1, 0, 0, 0, 0, 0, 0, 1, 0, 0, 1, 0, 0]",2,"(13, 10)","(6, 5)","(8, 3)",expRect,0,12.0,2,35
86,miaochenlu,"[1933, 2117, 2293, 2477, 2741, 2916, 3085, 3293, 3525]","[(10, 2), [9, 2], [8, 2], [7, 2], [6, 2], [6, 3], [6, 4], [6, 5], [6, 6], [5, 6]]","[(-1, 0), (-1, 0), (-1, 0), (-1, 0), (0, 1), (0, 1), (0, 1), (0, 1), (-1, 0)]",[],"[0, 0, 0, 2, 0, 0, 0, 0, 2]",0,"(10, 2)","(7, 8)","(5, 6)",expRect,0,9.0,2,19
87,miaochenlu,"[1980, 2603, 2842, 3494, 3554, 3613, 3704, 3913, 4163, 4355, 4531, 4723, 4898]","[(1, 6), [2, 6], [2, 5], [3, 5], [4, 5], [5, 5], [6, 5], [7, 5], [8, 5], [9, 5], [10, 5], [11, 5], [12, 5], [13, 5]]","[(1, 0), (0, -1), (1, 0), (1, 0), (1, 0), (1, 0), (1, 0), (1, 0), (1, 0), (1, 0), (1, 0), (1, 0), (1, 0)]",[],"[0, 2, 0, 0, 0, 0, 0, 0, 2, 2, 2, 2, 2]",0,"(1, 6)","(8, 12)","(13, 5)",midLine,0.0,13.0,6.0,7.0
88,miaochenlu,"[1941, 2140, 2387, 2596, 2828, 3028, 3284, 3451, 3620, 3788, 3932, 4084, 4228, 4395, 4596, 5020, 5228]","[(2, 3), [3, 3], [4, 3], [3, 4], [3, 3], [3, 2], [3, 1], [4, 1], [5, 1], [6, 1], [7, 1], [7, 0], [8, 0], [9, 0], [10, 0], [11, 0], [12, 0], [12, 1]]","[(1, 0), (1, 0), (0, -1), (0, -1), (0, -1), (0, -1), (1, 0), (1, 0), (1, 0), (1, 0), (1, 0), (1, 0), (1, 0), (1, 0), (1, 0), (1, 0), (0, 1)]","[3, 11]","[0, 0, 1, 1, 1, 1, 0, 0, 0, 0, 0, 0, 0, 0, 0, 0, 0]",2,"(2, 3)","(12, 1)","(12, 9)",midLine,4.0,12.0,2.0,10.0
89,miaochenlu,"[1784, 2314, 2373, 2434, 2525, 2617, 2706, 3079, 3248, 3495, 3831, 4015, 4183, 4632, 4815, 4991, 5335]","[(2, 12), [3, 12], [4, 12], [5, 12], [6, 12], [4, 12], [5, 12], [6, 12], [7, 12], [8, 12], [8, 11], [9, 11], [10, 11], [11, 11], [11, 10], [11, 9], [11, 8], [11, 7]]","[(1, 0), (1, 0), (1, 0), (1, 0), (1, 0), (1, 0), (1, 0), (1, 0), (1, 0), (0, -1), (1, 0), (1, 0), (1, 0), (0, -1), (0, -1), (0, -1), (0, -1)]",[5],"[0, 0, 0, 0, 0, 0, 0, 0, 1, 0, 1, 1, 1, 0, 0, 0, 0]",1,"(2, 12)","(11, 7)","(7, 3)",expRect,0,14.0,4,35
90,miaochenlu,"[2079, 2343, 2518, 2678, 2869, 3078, 3254, 3439, 3574, 3750, 3918, 4102, 4350, 4702, 4910]","[(3, 1), [3, 2], [3, 0], [4, 0], [5, 0], [6, 0], [7, 0], [8, 0], [9, 0], [10, 0], [11, 0], [12, 0], [13, 0], [13, 1], [13, 2], [13, 3]]","[(0, 1), (1, 0), (1, 0), (1, 0), (1, 0), (1, 0), (1, 0), (1, 0), (1, 0), (1, 0), (1, 0), (1, 0), (0, 1), (0, 1), (0, 1)]",[2],"[0, 0, 0, 0, 2, 2, 2, 2, 2, 2, 2, 2, 0, 0, 0]",1,"(3, 1)","(5, 9)","(13, 3)",rect,2.0,10.0,2.0,8.0
91,miaochenlu,"[1918, 2508, 2658, 2749, 2809, 3069, 3317, 3493, 3725, 3941, 4157, 4428, 4613]","[(12, 13), [11, 13], [10, 13], [9, 13], [8, 13], [7, 13], [6, 13], [5, 13], [4, 13], [3, 13], [2, 13], [1, 12], [1, 11], [1, 10]]","[(-1, 0), (-1, 0), (-1, 0), (-1, 0), (-1, 0), (-1, 0), (-1, 0), (-1, 0), (-1, 0), (-1, 0), (-1, 0), (0, -1), (0, -1)]",[11],"[0, 0, 0, 0, 0, 1, 1, 1, 1, 1, 1, 0, 0]",1,"(12, 13)","(1, 10)","(7, 4)",expRect,0,14.0,6,23
92,miaochenlu,"[2002, 2185, 2345, 2721, 2945, 3113, 3280, 3473]","[(1, 8), [2, 7], [2, 6], [2, 5], [2, 4], [3, 4], [4, 4], [5, 4], [6, 4]]","[(0, -1), (0, -1), (0, -1), (0, -1), (1, 0), (1, 0), (1, 0), (1, 0)]",[1],"[1, 1, 1, 1, 0, 0, 0, 0]",1,"(1, 8)","(6, 4)","(13, 9)",midLine,4.0,9.0,4.0,5.0
93,miaochenlu,"[1920, 2087, 2278, 2495, 2679, 2887, 3079, 3231, 3415, 3607, 3895, 4079, 4262, 4495]","[(12, 13), [11, 13], [10, 13], [9, 13], [8, 13], [7, 13], [6, 13], [5, 13], [4, 13], [3, 13], [2, 13], [2, 12], [2, 11], [2, 10], [2, 9]]","[(-1, 0), (-1, 0), (-1, 0), (-1, 0), (-1, 0), (-1, 0), (-1, 0), (-1, 0), (-1, 0), (-1, 0), (0, -1), (0, -1), (0, -1), (0, -1)]",[],"[0, 0, 0, 0, 1, 1, 1, 1, 1, 1, 0, 0, 0, 0]",0,"(12, 13)","(2, 9)","(8, 3)",expRect,0,14.0,6,24
94,miaochenlu,"[1965, 2260, 2516, 2852, 3020, 3196, 3372, 3532, 3692, 3860, 4092, 4508, 4756, 4948, 5100]","[(1, 2), [1, 3], [1, 1], [2, 1], [3, 1], [4, 1], [5, 1], [6, 1], [7, 1], [8, 1], [9, 1], [10, 1], [11, 1], [11, 2], [11, 3], [11, 4]]","[(0, 1), (0, 1), (1, 0), (1, 0), (1, 0), (1, 0), (1, 0), (1, 0), (1, 0), (1, 0), (1, 0), (1, 0), (0, 1), (0, 1), (0, 1)]",[2],"[0, 0, 0, 0, 2, 2, 2, 2, 2, 2, 2, 2, 0, 0, 0]",1,"(1, 2)","(3, 10)","(11, 4)",rect,2.0,10.0,2.0,8.0
95,miaochenlu,"[1866, 2398, 2459, 2549, 2699, 2760, 3090, 3298, 3482, 3665, 3850, 4082]","[(5, 6), [4, 7], [5, 7], [6, 7], [7, 7], [6, 8], [7, 8], [8, 8], [9, 8], [10, 8], [11, 8], [12, 8], [13, 8]]","[(1, 0), (1, 0), (1, 0), (1, 0), (1, 0), (1, 0), (1, 0), (1, 0), (1, 0), (1, 0), (1, 0), (1, 0)]","[5, 1]","[0, 0, 0, 0, 0, 0, 0, 0, 0, 0, 0, 0]",2,"(5, 6)","(13, 4)","(13, 8)",midLine,0.0,10.0,2.0,8.0
96,miaochenlu,"[1847, 2030, 2215, 2415, 2575, 2783, 3127, 3295, 3503, 3751, 3974]","[(2, 4), [3, 4], [4, 4], [5, 4], [6, 4], [6, 2], [7, 2], [8, 2], [9, 2], [10, 2], [10, 3], [10, 4]]","[(1, 0), (1, 0), (1, 0), (1, 0), (1, 0), (1, 0), (1, 0), (1, 0), (1, 0), (0, 1), (0, 1)]",[5],"[0, 0, 0, 0, 2, 2, 2, 2, 2, 0, 0]",1,"(2, 4)","(6, 8)","(10, 4)",straightLine,0.0,8.0,4.0,4.0
97,miaochenlu,"[2474, 2747, 2971, 3570, 3763, 3979, 4163, 4355, 4530, 4723, 4899, 5059, 5235, 5419, 5586, 5763, 5931, 6115, 6299, 6562]","[(1, 13), [1, 12], [0, 13], [1, 13], [1, 12], [1, 11], [2, 11], [3, 11], [4, 11], [3, 10], [4, 10], [5, 10], [6, 10], [7, 10], [8, 10], [9, 10], [10, 10], [11, 10], [12, 10], [13, 10], [13, 11]]","[(0, -1), (1, 0), (1, 0), (0, -1), (0, -1), (1, 0), (1, 0), (1, 0), (1, 0), (1, 0), (1, 0), (1, 0), (1, 0), (1, 0), (1, 0), (1, 0), (1, 0), (1, 0), (1, 0), (0, 1)]","[2, 9]","[0, 0, 0, 0, 0, 0, 0, 2, 2, 2, 2, 2, 2, 2, 2, 2, 2, 2, 2, 2]",2,"(1, 13)","(3, 3)","(13, 11)",rect,2.0,12.0,4.0,8.0
98,miaochenlu,"[2060, 2227, 2394, 2555, 2731, 2907, 3075, 3331, 3563, 3763]","[(3, 13), [4, 13], [5, 13], [6, 13], [7, 13], [8, 13], [9, 13], [10, 13], [11, 13], [11, 12], [11, 11]]","[(1, 0), (1, 0), (1, 0), (1, 0), (1, 0), (1, 0), (1, 0), (1, 0), (0, -1), (0, -1)]",[],"[0, 0, 2, 2, 2, 2, 2, 2, 0, 0]",0,"(3, 13)","(5, 1)","(11, 11)",rect,4.0,10.0,2.0,8.0
99,miaochenlu,"[1931, 2105, 2298, 2514, 2706, 2938, 3113]","[(3, 5), [4, 5], [5, 5], [6, 5], [6, 4], [6, 3], [7, 3], [8, 3]]","[(1, 0), (1, 0), (1, 0), (0, -1), (0, -1), (1, 0), (1, 0)]",[],"[0, 0, 0, 1, 1, 0, 0]",0,"(3, 5)","(8, 3)","(11, 6)",midLine,2.0,7.0,2.0,5.0
100,miaochenlu,"[1847, 2006, 2182, 2342, 2517, 2686, 2862, 3046, 3230, 3406, 3582, 3886, 4062, 4247]","[(1, 12), [2, 12], [3, 12], [3, 10], [4, 10], [5, 10], [6, 10], [7, 10], [8, 10], [9, 10], [7, 10], [8, 10], [9, 10], [10, 10], [11, 10]]","[(1, 0), (1, 0), (1, 0), (1, 0), (1, 0), (1, 0), (1, 0), (1, 0), (1, 0), (1, 0), (1, 0), (1, 0), (1, 0), (1, 0)]","[10, 3]","[0, 0, 2, 2, 2, 2, 2, 2, 2, 2, 2, 2, 2, 2]",2,"(1, 12)","(3, 4)","(11, 10)",rect,2.0,10.0,2.0,8.0
101,miaochenlu,"[2094, 3309, 3509, 3700, 3869, 4061, 4189, 4373, 4581, 4901]","[(4, 5), [5, 5], [6, 5], [7, 5], [8, 5], [9, 5], [10, 5], [11, 5], [12, 5], [13, 5], [13, 4]]","[(1, 0), (1, 0), (1, 0), (1, 0), (1, 0), (1, 0), (1, 0), (1, 0), (1, 0), (0, -1)]",[12],"[0, 0, 0, 0, 0, 0, 0, 0, 2, 2]",1,"(4, 5)","(12, 9)","(13, 4)",midLine,2.0,10.0,2.0,8.0
102,miaochenlu,"[2146, 2312, 2497, 2689, 2889, 3320, 3721, 3857]","[(7, 11), [8, 11], [9, 11], [10, 11], [11, 11], [12, 11], [13, 11], [13, 12], [13, 13]]","[(1, 0), (1, 0), (1, 0), (1, 0), (1, 0), (1, 0), (0, 1), (0, 1)]",[],"[0, 0, 0, 0, 2, 2, 2, 2]",0,"(7, 11)","(11, 7)","(13, 13)",midLine,0.0,8.0,4.0,4.0
103,miaochenlu,"[2455, 2654, 2821, 3006, 3174, 3350, 3526, 3718, 3901, 4078, 4438, 4654, 4885]","[(2, 1), [3, 1], [4, 1], [5, 1], [6, 1], [7, 1], [7, 0], [8, 0], [9, 0], [10, 0], [11, 1], [11, 2], [11, 3], [12, 3]]","[(1, 0), (1, 0), (1, 0), (1, 0), (1, 0), (1, 0), (1, 0), (1, 0), (1, 0), (1, 0), (0, 1), (0, 1), (1, 0)]","[6, 10]","[0, 0, 2, 2, 2, 2, 2, 2, 2, 2, 0, 0, 2]",2,"(2, 1)","(4, 9)","(12, 3)",rect,2.0,10.0,2.0,8.0
104,miaochenlu,"[1911, 2102, 2270, 2646, 2902, 3086, 3270, 3542, 3758]","[(5, 6), [5, 7], [5, 8], [5, 9], [6, 8], [7, 8], [8, 8], [9, 8], [9, 9], [9, 10]]","[(0, 1), (0, 1), (0, 1), (0, 1), (1, 0), (1, 0), (1, 0), (0, 1), (0, 1)]",[4],"[1, 1, 1, 1, 0, 0, 0, 1, 1]",1,"(5, 6)","(9, 10)","(13, 6)",straightLine,0.0,8.0,4.0,4.0
105,miaochenlu,"[1812, 1979, 2146, 2331, 2796, 3051, 3524, 3707]","[(1, 6), [2, 6], [3, 6], [4, 6], [3, 5], [4, 6], [5, 6], [5, 5], [5, 4]]","[(1, 0), (1, 0), (1, 0), (1, 0), (1, 0), (1, 0), (0, -1), (0, -1)]","[5, 4]","[0, 0, 0, 0, 0, 0, 1, 1]",2,"(1, 6)","(5, 4)","(6, 9)",midLine,2.0,6.0,2.0,4.0
106,miaochenlu,"[1973, 2567, 2734, 2989, 3366, 3526, 3694, 3854, 4014]","[(3, 5), [3, 4], [4, 4], [2, 4], [2, 3], [3, 3], [4, 3], [5, 3], [6, 3], [7, 3]]","[(0, -1), (1, 0), (1, 0), (0, -1), (1, 0), (1, 0), (1, 0), (1, 0), (1, 0)]",[3],"[2, 2, 2, 2, 0, 2, 2, 2, 2]",1,"(3, 5)","(3, 13)","(7, 3)",none,2.0,6.0,6.0,0.0
107,miaochenlu,"[1974, 2141, 2420, 2597, 2749, 2909, 3069, 3388, 3677]","[(6, 2), [6, 3], [6, 4], [7, 4], [8, 4], [9, 4], [10, 4], [11, 4], [12, 4], [12, 5]]","[(0, 1), (0, 1), (1, 0), (1, 0), (1, 0), (1, 0), (1, 0), (1, 0), (0, 1)]",[],"[0, 0, 0, 0, 0, 0, 1, 1, 0]",0,"(6, 2)","(12, 5)","(10, 7)",expRect,0,9.0,2,19
108,miaochenlu,"[2023, 2398, 2574, 2742, 2886, 3062, 3285, 3494, 3670, 3854, 3998, 4240, 4430, 4862, 5142, 5350, 5526, 5735, 5918]","[(2, 1), [3, 1], [4, 1], [5, 1], [6, 1], [7, 1], [8, 1], [6, 1], [7, 1], [8, 1], [9, 1], [10, 1], [11, 1], [12, 1], [13, 1], [13, 2], [13, 3], [13, 4], [13, 5], [13, 6]]","[(1, 0), (1, 0), (1, 0), (1, 0), (1, 0), (1, 0), (1, 0), (1, 0), (1, 0), (1, 0), (1, 0), (1, 0), (1, 0), (1, 0), (0, 1), (0, 1), (0, 1), (0, 1), (0, 1)]",7,"[0, 0, 0, 0, 0, 1, 1, 0, 1, 1, 1, 1, 1, 1, 0, 0, 0, 0, 0]",special,"(2, 1)","(13, 6)","(7, 12)",expRect,0,16.0,6,35
